path,area
.wrangler/cache/cf.json,.
.wrangler/cache/pages.json,.
.wrangler/cache/wrangler-account.json,.
backend/package.json,.
backend/server.js,.
chrome_dev/ActorSafetyLists/8.6294.2057/_metadata/verified_contents.json,.
chrome_dev/ActorSafetyLists/8.6294.2057/listdata.json,.
chrome_dev/ActorSafetyLists/8.6294.2057/manifest.json,.
chrome_dev/CertificateRevocation/10539/_metadata/verified_contents.json,.
chrome_dev/CertificateRevocation/10539/manifest.json,.
chrome_dev/Crowd Deny/2026.5.18.61/_metadata/verified_contents.json,.
chrome_dev/Crowd Deny/2026.5.18.61/manifest.json,.
chrome_dev/Default/Extensions/eiaeiblijfjekdanodkjadfinkhbfgcd/7.6.21_0/FieldClassifier/change_email.json,.
chrome_dev/Default/Extensions/eiaeiblijfjekdanodkjadfinkhbfgcd/7.6.21_0/FieldClassifier/change_password.json,.
chrome_dev/Default/Extensions/eiaeiblijfjekdanodkjadfinkhbfgcd/7.6.21_0/FieldClassifier/credit_card.json,.
chrome_dev/Default/Extensions/eiaeiblijfjekdanodkjadfinkhbfgcd/7.6.21_0/FieldClassifier/forgot_password.json,.
chrome_dev/Default/Extensions/eiaeiblijfjekdanodkjadfinkhbfgcd/7.6.21_0/FieldClassifier/identity.json,.
chrome_dev/Default/Extensions/eiaeiblijfjekdanodkjadfinkhbfgcd/7.6.21_0/FieldClassifier/login.json,.
chrome_dev/Default/Extensions/eiaeiblijfjekdanodkjadfinkhbfgcd/7.6.21_0/FieldClassifier/login_register.json,.
chrome_dev/Default/Extensions/eiaeiblijfjekdanodkjadfinkhbfgcd/7.6.21_0/FieldClassifier/register.json,.
chrome_dev/Default/Extensions/eiaeiblijfjekdanodkjadfinkhbfgcd/7.6.21_0/FieldClassifier/subscribe.json,.
chrome_dev/Default/Extensions/eiaeiblijfjekdanodkjadfinkhbfgcd/7.6.21_0/FieldClassifier/time_based_one_time_password.json,.
chrome_dev/Default/Extensions/eiaeiblijfjekdanodkjadfinkhbfgcd/7.6.21_0/FormClassifier/model.json,.
chrome_dev/Default/Extensions/eiaeiblijfjekdanodkjadfinkhbfgcd/7.6.21_0/SubmitClassifier/model.json,.
chrome_dev/Default/Extensions/eiaeiblijfjekdanodkjadfinkhbfgcd/7.6.21_0/_locales/da/messages.json,.
chrome_dev/Default/Extensions/eiaeiblijfjekdanodkjadfinkhbfgcd/7.6.21_0/_locales/de/messages.json,.
chrome_dev/Default/Extensions/eiaeiblijfjekdanodkjadfinkhbfgcd/7.6.21_0/_locales/en/messages.json,.
chrome_dev/Default/Extensions/eiaeiblijfjekdanodkjadfinkhbfgcd/7.6.21_0/_locales/es/messages.json,.
chrome_dev/Default/Extensions/eiaeiblijfjekdanodkjadfinkhbfgcd/7.6.21_0/_locales/fr/messages.json,.
chrome_dev/Default/Extensions/eiaeiblijfjekdanodkjadfinkhbfgcd/7.6.21_0/_locales/it/messages.json,.
chrome_dev/Default/Extensions/eiaeiblijfjekdanodkjadfinkhbfgcd/7.6.21_0/_locales/lt/messages.json,.
chrome_dev/Default/Extensions/eiaeiblijfjekdanodkjadfinkhbfgcd/7.6.21_0/_locales/nl/messages.json,.
chrome_dev/Default/Extensions/eiaeiblijfjekdanodkjadfinkhbfgcd/7.6.21_0/_metadata/verified_contents.json,.
chrome_dev/Default/Extensions/eiaeiblijfjekdanodkjadfinkhbfgcd/7.6.21_0/app.html,.
chrome_dev/Default/Extensions/eiaeiblijfjekdanodkjadfinkhbfgcd/7.6.21_0/assets/lang/da.json,.
chrome_dev/Default/Extensions/eiaeiblijfjekdanodkjadfinkhbfgcd/7.6.21_0/assets/lang/de.json,.
chrome_dev/Default/Extensions/eiaeiblijfjekdanodkjadfinkhbfgcd/7.6.21_0/assets/lang/en.json,.
chrome_dev/Default/Extensions/eiaeiblijfjekdanodkjadfinkhbfgcd/7.6.21_0/assets/lang/es.json,.
chrome_dev/Default/Extensions/eiaeiblijfjekdanodkjadfinkhbfgcd/7.6.21_0/assets/lang/fr.json,.
chrome_dev/Default/Extensions/eiaeiblijfjekdanodkjadfinkhbfgcd/7.6.21_0/assets/lang/it.json,.
chrome_dev/Default/Extensions/eiaeiblijfjekdanodkjadfinkhbfgcd/7.6.21_0/assets/lang/lt.json,.
chrome_dev/Default/Extensions/eiaeiblijfjekdanodkjadfinkhbfgcd/7.6.21_0/assets/lang/nl.json,.
chrome_dev/Default/Extensions/eiaeiblijfjekdanodkjadfinkhbfgcd/7.6.21_0/biometrics.html,.
chrome_dev/Default/Extensions/eiaeiblijfjekdanodkjadfinkhbfgcd/7.6.21_0/css/autofill.css,.
chrome_dev/Default/Extensions/eiaeiblijfjekdanodkjadfinkhbfgcd/7.6.21_0/css/content.css,.
chrome_dev/Default/Extensions/eiaeiblijfjekdanodkjadfinkhbfgcd/7.6.21_0/css/popup.css,.
chrome_dev/Default/Extensions/eiaeiblijfjekdanodkjadfinkhbfgcd/7.6.21_0/css/styles.css,.
chrome_dev/Default/Extensions/eiaeiblijfjekdanodkjadfinkhbfgcd/7.6.21_0/englishWords.json,.
chrome_dev/Default/Extensions/eiaeiblijfjekdanodkjadfinkhbfgcd/7.6.21_0/frequencyList.json,.
chrome_dev/Default/Extensions/eiaeiblijfjekdanodkjadfinkhbfgcd/7.6.21_0/index.html,.
chrome_dev/Default/Extensions/eiaeiblijfjekdanodkjadfinkhbfgcd/7.6.21_0/js/AnimatePresence.chunk.js,.
chrome_dev/Default/Extensions/eiaeiblijfjekdanodkjadfinkhbfgcd/7.6.21_0/js/ConfirmAction.chunk.js,.
chrome_dev/Default/Extensions/eiaeiblijfjekdanodkjadfinkhbfgcd/7.6.21_0/js/ConfirmActionModal.chunk.js,.
chrome_dev/Default/Extensions/eiaeiblijfjekdanodkjadfinkhbfgcd/7.6.21_0/js/ContentError.chunk.js,.
chrome_dev/Default/Extensions/eiaeiblijfjekdanodkjadfinkhbfgcd/7.6.21_0/js/DataBreachScanner.chunk.js,.
chrome_dev/Default/Extensions/eiaeiblijfjekdanodkjadfinkhbfgcd/7.6.21_0/js/DownloadLogsButton.chunk.js,.
chrome_dev/Default/Extensions/eiaeiblijfjekdanodkjadfinkhbfgcd/7.6.21_0/js/DownloadLogsButton2.chunk.js,.
chrome_dev/Default/Extensions/eiaeiblijfjekdanodkjadfinkhbfgcd/7.6.21_0/js/DownloadLogsSection.chunk.js,.
chrome_dev/Default/Extensions/eiaeiblijfjekdanodkjadfinkhbfgcd/7.6.21_0/js/EmailMaskDetailsView.chunk.js,.
chrome_dev/Default/Extensions/eiaeiblijfjekdanodkjadfinkhbfgcd/7.6.21_0/js/EmailMasking.chunk.js,.
chrome_dev/Default/Extensions/eiaeiblijfjekdanodkjadfinkhbfgcd/7.6.21_0/js/EmergencyAccess.chunk.js,.
chrome_dev/Default/Extensions/eiaeiblijfjekdanodkjadfinkhbfgcd/7.6.21_0/js/FileSaver.min.chunk.js,.
chrome_dev/Default/Extensions/eiaeiblijfjekdanodkjadfinkhbfgcd/7.6.21_0/js/FullscreenLoader.chunk.js,.
chrome_dev/Default/Extensions/eiaeiblijfjekdanodkjadfinkhbfgcd/7.6.21_0/js/GenericModal.chunk.js,.
chrome_dev/Default/Extensions/eiaeiblijfjekdanodkjadfinkhbfgcd/7.6.21_0/js/GlobalContext.chunk.js,.
chrome_dev/Default/Extensions/eiaeiblijfjekdanodkjadfinkhbfgcd/7.6.21_0/js/ItemDetailsView.chunk.js,.
chrome_dev/Default/Extensions/eiaeiblijfjekdanodkjadfinkhbfgcd/7.6.21_0/js/ItemTypeIcon.chunk.js,.
chrome_dev/Default/Extensions/eiaeiblijfjekdanodkjadfinkhbfgcd/7.6.21_0/js/LinkedAccountSetup.chunk.js,.
chrome_dev/Default/Extensions/eiaeiblijfjekdanodkjadfinkhbfgcd/7.6.21_0/js/OnboardingAndPrivacyPolicyTemplate.chunk.js,.
chrome_dev/Default/Extensions/eiaeiblijfjekdanodkjadfinkhbfgcd/7.6.21_0/js/PasswordGenerator.chunk.js,.
chrome_dev/Default/Extensions/eiaeiblijfjekdanodkjadfinkhbfgcd/7.6.21_0/js/PasswordGenerator2.chunk.js,.
chrome_dev/Default/Extensions/eiaeiblijfjekdanodkjadfinkhbfgcd/7.6.21_0/js/PasswordGeneratorHistory.chunk.js,.
chrome_dev/Default/Extensions/eiaeiblijfjekdanodkjadfinkhbfgcd/7.6.21_0/js/PasswordGeneratorHistory2.chunk.js,.
chrome_dev/Default/Extensions/eiaeiblijfjekdanodkjadfinkhbfgcd/7.6.21_0/js/PasswordHealth.chunk.js,.
chrome_dev/Default/Extensions/eiaeiblijfjekdanodkjadfinkhbfgcd/7.6.21_0/js/PendingItemBase.chunk.js,.
chrome_dev/Default/Extensions/eiaeiblijfjekdanodkjadfinkhbfgcd/7.6.21_0/js/PromoPage.chunk.js,.
chrome_dev/Default/Extensions/eiaeiblijfjekdanodkjadfinkhbfgcd/7.6.21_0/js/SetupAuthenticatorAgainDialog.chunk.js,.
chrome_dev/Default/Extensions/eiaeiblijfjekdanodkjadfinkhbfgcd/7.6.21_0/js/TitlePicker.chunk.js,.
chrome_dev/Default/Extensions/eiaeiblijfjekdanodkjadfinkhbfgcd/7.6.21_0/js/ToastNotificationUtils.chunk.js,.
chrome_dev/Default/Extensions/eiaeiblijfjekdanodkjadfinkhbfgcd/7.6.21_0/js/TotpModalsHandler.chunk.js,.
chrome_dev/Default/Extensions/eiaeiblijfjekdanodkjadfinkhbfgcd/7.6.21_0/js/TruncateTextWithTooltip.chunk.js,.
chrome_dev/Default/Extensions/eiaeiblijfjekdanodkjadfinkhbfgcd/7.6.21_0/js/api.chunk.js,.
chrome_dev/Default/Extensions/eiaeiblijfjekdanodkjadfinkhbfgcd/7.6.21_0/js/api2.chunk.js,.
chrome_dev/Default/Extensions/eiaeiblijfjekdanodkjadfinkhbfgcd/7.6.21_0/js/api3.chunk.js,.
chrome_dev/Default/Extensions/eiaeiblijfjekdanodkjadfinkhbfgcd/7.6.21_0/js/app.js,.
chrome_dev/Default/Extensions/eiaeiblijfjekdanodkjadfinkhbfgcd/7.6.21_0/js/appSlice.chunk.js,.
chrome_dev/Default/Extensions/eiaeiblijfjekdanodkjadfinkhbfgcd/7.6.21_0/js/authSlice.chunk.js,.
chrome_dev/Default/Extensions/eiaeiblijfjekdanodkjadfinkhbfgcd/7.6.21_0/js/background.js,.
chrome_dev/Default/Extensions/eiaeiblijfjekdanodkjadfinkhbfgcd/7.6.21_0/js/biometrics.chunk.js,.
chrome_dev/Default/Extensions/eiaeiblijfjekdanodkjadfinkhbfgcd/7.6.21_0/js/biometrics.js,.
chrome_dev/Default/Extensions/eiaeiblijfjekdanodkjadfinkhbfgcd/7.6.21_0/js/breadcrumbs.chunk.js,.
chrome_dev/Default/Extensions/eiaeiblijfjekdanodkjadfinkhbfgcd/7.6.21_0/js/browser.chunk.js,.
chrome_dev/Default/Extensions/eiaeiblijfjekdanodkjadfinkhbfgcd/7.6.21_0/js/campaignUrl.chunk.js,.
chrome_dev/Default/Extensions/eiaeiblijfjekdanodkjadfinkhbfgcd/7.6.21_0/js/chunk.chunk.js,.
chrome_dev/Default/Extensions/eiaeiblijfjekdanodkjadfinkhbfgcd/7.6.21_0/js/classifier.js,.
chrome_dev/Default/Extensions/eiaeiblijfjekdanodkjadfinkhbfgcd/7.6.21_0/js/classnames.chunk.js,.
chrome_dev/Default/Extensions/eiaeiblijfjekdanodkjadfinkhbfgcd/7.6.21_0/js/constants.chunk.js,.
chrome_dev/Default/Extensions/eiaeiblijfjekdanodkjadfinkhbfgcd/7.6.21_0/js/content.js,.
chrome_dev/Default/Extensions/eiaeiblijfjekdanodkjadfinkhbfgcd/7.6.21_0/js/copyValue.chunk.js,.
chrome_dev/Default/Extensions/eiaeiblijfjekdanodkjadfinkhbfgcd/7.6.21_0/js/create-intl.chunk.js,.
chrome_dev/Default/Extensions/eiaeiblijfjekdanodkjadfinkhbfgcd/7.6.21_0/js/creditCard.chunk.js,.
chrome_dev/Default/Extensions/eiaeiblijfjekdanodkjadfinkhbfgcd/7.6.21_0/js/currentScopes.chunk.js,.
chrome_dev/Default/Extensions/eiaeiblijfjekdanodkjadfinkhbfgcd/7.6.21_0/js/dateTimeFormatter.chunk.js,.
chrome_dev/Default/Extensions/eiaeiblijfjekdanodkjadfinkhbfgcd/7.6.21_0/js/de.chunk.js,.
chrome_dev/Default/Extensions/eiaeiblijfjekdanodkjadfinkhbfgcd/7.6.21_0/js/devLog.chunk.js,.
chrome_dev/Default/Extensions/eiaeiblijfjekdanodkjadfinkhbfgcd/7.6.21_0/js/dist.chunk.js,.
chrome_dev/Default/Extensions/eiaeiblijfjekdanodkjadfinkhbfgcd/7.6.21_0/js/downloadFile.chunk.js,.
chrome_dev/Default/Extensions/eiaeiblijfjekdanodkjadfinkhbfgcd/7.6.21_0/js/downloadLogs.chunk.js,.
chrome_dev/Default/Extensions/eiaeiblijfjekdanodkjadfinkhbfgcd/7.6.21_0/js/ecp-extension-detection.js,.
chrome_dev/Default/Extensions/eiaeiblijfjekdanodkjadfinkhbfgcd/7.6.21_0/js/en.chunk.js,.
chrome_dev/Default/Extensions/eiaeiblijfjekdanodkjadfinkhbfgcd/7.6.21_0/js/errorsSerialization.chunk.js,.
chrome_dev/Default/Extensions/eiaeiblijfjekdanodkjadfinkhbfgcd/7.6.21_0/js/es.chunk.js,.
chrome_dev/Default/Extensions/eiaeiblijfjekdanodkjadfinkhbfgcd/7.6.21_0/js/exports.chunk.js,.
chrome_dev/Default/Extensions/eiaeiblijfjekdanodkjadfinkhbfgcd/7.6.21_0/js/fr.chunk.js,.
chrome_dev/Default/Extensions/eiaeiblijfjekdanodkjadfinkhbfgcd/7.6.21_0/js/frequencyList.chunk.js,.
chrome_dev/Default/Extensions/eiaeiblijfjekdanodkjadfinkhbfgcd/7.6.21_0/js/getApiMethods.chunk.js,.
chrome_dev/Default/Extensions/eiaeiblijfjekdanodkjadfinkhbfgcd/7.6.21_0/js/getBeforeErrorSendHandler.chunk.js,.
chrome_dev/Default/Extensions/eiaeiblijfjekdanodkjadfinkhbfgcd/7.6.21_0/js/getErrorMessage.chunk.js,.
chrome_dev/Default/Extensions/eiaeiblijfjekdanodkjadfinkhbfgcd/7.6.21_0/js/getIsUpgradingToPremiumDisabled.chunk.js,.
chrome_dev/Default/Extensions/eiaeiblijfjekdanodkjadfinkhbfgcd/7.6.21_0/js/history.chunk.js,.
chrome_dev/Default/Extensions/eiaeiblijfjekdanodkjadfinkhbfgcd/7.6.21_0/js/hooks.chunk.js,.
chrome_dev/Default/Extensions/eiaeiblijfjekdanodkjadfinkhbfgcd/7.6.21_0/js/ignoredErrorsList.chunk.js,.
chrome_dev/Default/Extensions/eiaeiblijfjekdanodkjadfinkhbfgcd/7.6.21_0/js/import-wrapper-prod.chunk.js,.
chrome_dev/Default/Extensions/eiaeiblijfjekdanodkjadfinkhbfgcd/7.6.21_0/js/initExtensionSentry.chunk.js,.
chrome_dev/Default/Extensions/eiaeiblijfjekdanodkjadfinkhbfgcd/7.6.21_0/js/initWebSentry.chunk.js,.
chrome_dev/Default/Extensions/eiaeiblijfjekdanodkjadfinkhbfgcd/7.6.21_0/js/it.chunk.js,.
chrome_dev/Default/Extensions/eiaeiblijfjekdanodkjadfinkhbfgcd/7.6.21_0/js/logStorageService.chunk.js,.
chrome_dev/Default/Extensions/eiaeiblijfjekdanodkjadfinkhbfgcd/7.6.21_0/js/lt.chunk.js,.
chrome_dev/Default/Extensions/eiaeiblijfjekdanodkjadfinkhbfgcd/7.6.21_0/js/mapPendingShares.chunk.js,.
chrome_dev/Default/Extensions/eiaeiblijfjekdanodkjadfinkhbfgcd/7.6.21_0/js/mfa.chunk.js,.
chrome_dev/Default/Extensions/eiaeiblijfjekdanodkjadfinkhbfgcd/7.6.21_0/js/modalReducer-JcZ4X_wQ.chunk.js,.
chrome_dev/Default/Extensions/eiaeiblijfjekdanodkjadfinkhbfgcd/7.6.21_0/js/modalsConstants.chunk.js,.
chrome_dev/Default/Extensions/eiaeiblijfjekdanodkjadfinkhbfgcd/7.6.21_0/js/modulepreload-polyfill.chunk.js,.
chrome_dev/Default/Extensions/eiaeiblijfjekdanodkjadfinkhbfgcd/7.6.21_0/js/nl.chunk.js,.
chrome_dev/Default/Extensions/eiaeiblijfjekdanodkjadfinkhbfgcd/7.6.21_0/js/nordpass-script.js,.
chrome_dev/Default/Extensions/eiaeiblijfjekdanodkjadfinkhbfgcd/7.6.21_0/js/offscreen.js,.
chrome_dev/Default/Extensions/eiaeiblijfjekdanodkjadfinkhbfgcd/7.6.21_0/js/passkeys.js,.
chrome_dev/Default/Extensions/eiaeiblijfjekdanodkjadfinkhbfgcd/7.6.21_0/js/passwordGeneratorContracts.chunk.js,.
chrome_dev/Default/Extensions/eiaeiblijfjekdanodkjadfinkhbfgcd/7.6.21_0/js/platformEnv.chunk.js,.
chrome_dev/Default/Extensions/eiaeiblijfjekdanodkjadfinkhbfgcd/7.6.21_0/js/popup.js,.
chrome_dev/Default/Extensions/eiaeiblijfjekdanodkjadfinkhbfgcd/7.6.21_0/js/preserveQuery.chunk.js,.
chrome_dev/Default/Extensions/eiaeiblijfjekdanodkjadfinkhbfgcd/7.6.21_0/js/proxy.chunk.js,.
chrome_dev/Default/Extensions/eiaeiblijfjekdanodkjadfinkhbfgcd/7.6.21_0/js/react.chunk.js,.
chrome_dev/Default/Extensions/eiaeiblijfjekdanodkjadfinkhbfgcd/7.6.21_0/js/redirectContent.js,.
chrome_dev/Default/Extensions/eiaeiblijfjekdanodkjadfinkhbfgcd/7.6.21_0/js/redux-toolkit.modern.chunk.js,.
chrome_dev/Default/Extensions/eiaeiblijfjekdanodkjadfinkhbfgcd/7.6.21_0/js/routes.chunk.js,.
chrome_dev/Default/Extensions/eiaeiblijfjekdanodkjadfinkhbfgcd/7.6.21_0/js/store.chunk.js,.
chrome_dev/Default/Extensions/eiaeiblijfjekdanodkjadfinkhbfgcd/7.6.21_0/js/styles.chunk.js,.
chrome_dev/Default/Extensions/eiaeiblijfjekdanodkjadfinkhbfgcd/7.6.21_0/js/timeoutTimer.chunk.js,.
chrome_dev/Default/Extensions/eiaeiblijfjekdanodkjadfinkhbfgcd/7.6.21_0/js/translationsService.chunk.js,.
chrome_dev/Default/Extensions/eiaeiblijfjekdanodkjadfinkhbfgcd/7.6.21_0/js/uint8array-extras.chunk.js,.
chrome_dev/Default/Extensions/eiaeiblijfjekdanodkjadfinkhbfgcd/7.6.21_0/js/updateFAQVisibility.chunk.js,.
chrome_dev/Default/Extensions/eiaeiblijfjekdanodkjadfinkhbfgcd/7.6.21_0/js/upgradeToPremium.chunk.js,.
chrome_dev/Default/Extensions/eiaeiblijfjekdanodkjadfinkhbfgcd/7.6.21_0/js/upsellSlice.chunk.js,.
chrome_dev/Default/Extensions/eiaeiblijfjekdanodkjadfinkhbfgcd/7.6.21_0/js/useAccountSwitch.chunk.js,.
chrome_dev/Default/Extensions/eiaeiblijfjekdanodkjadfinkhbfgcd/7.6.21_0/js/useAction.chunk.js,.
chrome_dev/Default/Extensions/eiaeiblijfjekdanodkjadfinkhbfgcd/7.6.21_0/js/useAppTheme.chunk.js,.
chrome_dev/Default/Extensions/eiaeiblijfjekdanodkjadfinkhbfgcd/7.6.21_0/js/useFeature.chunk.js,.
chrome_dev/Default/Extensions/eiaeiblijfjekdanodkjadfinkhbfgcd/7.6.21_0/js/useIsFreeUser.chunk.js,.
chrome_dev/Default/Extensions/eiaeiblijfjekdanodkjadfinkhbfgcd/7.6.21_0/js/useIsOnline.chunk.js,.
chrome_dev/Default/Extensions/eiaeiblijfjekdanodkjadfinkhbfgcd/7.6.21_0/js/useIsPremiumOrBusiness.chunk.js,.
chrome_dev/Default/Extensions/eiaeiblijfjekdanodkjadfinkhbfgcd/7.6.21_0/js/useMonitoringAssetActions.chunk.js,.
chrome_dev/Default/Extensions/eiaeiblijfjekdanodkjadfinkhbfgcd/7.6.21_0/js/useScannableItems.chunk.js,.
chrome_dev/Default/Extensions/eiaeiblijfjekdanodkjadfinkhbfgcd/7.6.21_0/js/useTotpActions.chunk.js,.
chrome_dev/Default/Extensions/eiaeiblijfjekdanodkjadfinkhbfgcd/7.6.21_0/js/userActionTracking.chunk.js,.
chrome_dev/Default/Extensions/eiaeiblijfjekdanodkjadfinkhbfgcd/7.6.21_0/js/utils.chunk.js,.
chrome_dev/Default/Extensions/eiaeiblijfjekdanodkjadfinkhbfgcd/7.6.21_0/js/utils2.chunk.js,.
chrome_dev/Default/Extensions/eiaeiblijfjekdanodkjadfinkhbfgcd/7.6.21_0/js/withPermissions.chunk.js,.
chrome_dev/Default/Extensions/eiaeiblijfjekdanodkjadfinkhbfgcd/7.6.21_0/manifest.json,.
chrome_dev/Default/Extensions/eiaeiblijfjekdanodkjadfinkhbfgcd/7.6.21_0/offscreen.html,.
chrome_dev/Default/Extensions/fjoaledfpmneenckfbpdfhkmimnjocfa/5.6.0_0/_metadata/verified_contents.json,.
chrome_dev/Default/Extensions/fjoaledfpmneenckfbpdfhkmimnjocfa/5.6.0_0/app.bundle.css,.
chrome_dev/Default/Extensions/fjoaledfpmneenckfbpdfhkmimnjocfa/5.6.0_0/app.bundle.js,.
chrome_dev/Default/Extensions/fjoaledfpmneenckfbpdfhkmimnjocfa/5.6.0_0/background.bundle.js,.
chrome_dev/Default/Extensions/fjoaledfpmneenckfbpdfhkmimnjocfa/5.6.0_0/csNotification.bundle.css,.
chrome_dev/Default/Extensions/fjoaledfpmneenckfbpdfhkmimnjocfa/5.6.0_0/csNotification.bundle.js,.
chrome_dev/Default/Extensions/fjoaledfpmneenckfbpdfhkmimnjocfa/5.6.0_0/csProxyDetectionTvYoutube.bundle.js,.
chrome_dev/Default/Extensions/fjoaledfpmneenckfbpdfhkmimnjocfa/5.6.0_0/csProxyDetectionYoutube.bundle.js,.
chrome_dev/Default/Extensions/fjoaledfpmneenckfbpdfhkmimnjocfa/5.6.0_0/csSpoofGeoIsolated.bundle.js,.
chrome_dev/Default/Extensions/fjoaledfpmneenckfbpdfhkmimnjocfa/5.6.0_0/csSpoofGeoMain.bundle.js,.
chrome_dev/Default/Extensions/fjoaledfpmneenckfbpdfhkmimnjocfa/5.6.0_0/fonts.bundle.css,.
chrome_dev/Default/Extensions/fjoaledfpmneenckfbpdfhkmimnjocfa/5.6.0_0/fonts.bundle.js,.
chrome_dev/Default/Extensions/fjoaledfpmneenckfbpdfhkmimnjocfa/5.6.0_0/index.html,.
chrome_dev/Default/Extensions/fjoaledfpmneenckfbpdfhkmimnjocfa/5.6.0_0/killswitch.html,.
chrome_dev/Default/Extensions/fjoaledfpmneenckfbpdfhkmimnjocfa/5.6.0_0/manifest.json,.
chrome_dev/Default/Extensions/fjoaledfpmneenckfbpdfhkmimnjocfa/5.6.0_0/offscreen-chromium.html,.
chrome_dev/Default/Extensions/fjoaledfpmneenckfbpdfhkmimnjocfa/5.6.0_0/offscreenChromium.bundle.js,.
chrome_dev/Default/Extensions/fjoaledfpmneenckfbpdfhkmimnjocfa/5.6.0_0/offscreenProxyAuthWorkerChromium.bundle.js,.
chrome_dev/Default/Extensions/fjoaledfpmneenckfbpdfhkmimnjocfa/5.6.0_0/pageKillSwitch.bundle.css,.
chrome_dev/Default/Extensions/fjoaledfpmneenckfbpdfhkmimnjocfa/5.6.0_0/pageKillSwitch.bundle.js,.
chrome_dev/Default/Extensions/fjoaledfpmneenckfbpdfhkmimnjocfa/5.6.0_0/pagePin.bundle.css,.
chrome_dev/Default/Extensions/fjoaledfpmneenckfbpdfhkmimnjocfa/5.6.0_0/pagePin.bundle.js,.
chrome_dev/Default/Extensions/fjoaledfpmneenckfbpdfhkmimnjocfa/5.6.0_0/pin.html,.
chrome_dev/Default/Extensions/fjoaledfpmneenckfbpdfhkmimnjocfa/5.6.0_0/uiMain.bundle.js,.
chrome_dev/Default/Extensions/ghbmnnjooekpmoecnnnilnnbdlolhkhi/1.106.1_0/_locales/af/messages.json,.
chrome_dev/Default/Extensions/ghbmnnjooekpmoecnnnilnnbdlolhkhi/1.106.1_0/_locales/am/messages.json,.
chrome_dev/Default/Extensions/ghbmnnjooekpmoecnnnilnnbdlolhkhi/1.106.1_0/_locales/ar/messages.json,.
chrome_dev/Default/Extensions/ghbmnnjooekpmoecnnnilnnbdlolhkhi/1.106.1_0/_locales/as/messages.json,.
chrome_dev/Default/Extensions/ghbmnnjooekpmoecnnnilnnbdlolhkhi/1.106.1_0/_locales/az/messages.json,.
chrome_dev/Default/Extensions/ghbmnnjooekpmoecnnnilnnbdlolhkhi/1.106.1_0/_locales/be/messages.json,.
chrome_dev/Default/Extensions/ghbmnnjooekpmoecnnnilnnbdlolhkhi/1.106.1_0/_locales/bg/messages.json,.
chrome_dev/Default/Extensions/ghbmnnjooekpmoecnnnilnnbdlolhkhi/1.106.1_0/_locales/bn/messages.json,.
chrome_dev/Default/Extensions/ghbmnnjooekpmoecnnnilnnbdlolhkhi/1.106.1_0/_locales/ca/messages.json,.
chrome_dev/Default/Extensions/ghbmnnjooekpmoecnnnilnnbdlolhkhi/1.106.1_0/_locales/cs/messages.json,.
chrome_dev/Default/Extensions/ghbmnnjooekpmoecnnnilnnbdlolhkhi/1.106.1_0/_locales/cy/messages.json,.
chrome_dev/Default/Extensions/ghbmnnjooekpmoecnnnilnnbdlolhkhi/1.106.1_0/_locales/da/messages.json,.
chrome_dev/Default/Extensions/ghbmnnjooekpmoecnnnilnnbdlolhkhi/1.106.1_0/_locales/de/messages.json,.
chrome_dev/Default/Extensions/ghbmnnjooekpmoecnnnilnnbdlolhkhi/1.106.1_0/_locales/el/messages.json,.
chrome_dev/Default/Extensions/ghbmnnjooekpmoecnnnilnnbdlolhkhi/1.106.1_0/_locales/en/messages.json,.
chrome_dev/Default/Extensions/ghbmnnjooekpmoecnnnilnnbdlolhkhi/1.106.1_0/_locales/en_CA/messages.json,.
chrome_dev/Default/Extensions/ghbmnnjooekpmoecnnnilnnbdlolhkhi/1.106.1_0/_locales/en_GB/messages.json,.
chrome_dev/Default/Extensions/ghbmnnjooekpmoecnnnilnnbdlolhkhi/1.106.1_0/_locales/en_US/messages.json,.
chrome_dev/Default/Extensions/ghbmnnjooekpmoecnnnilnnbdlolhkhi/1.106.1_0/_locales/es/messages.json,.
chrome_dev/Default/Extensions/ghbmnnjooekpmoecnnnilnnbdlolhkhi/1.106.1_0/_locales/es_419/messages.json,.
chrome_dev/Default/Extensions/ghbmnnjooekpmoecnnnilnnbdlolhkhi/1.106.1_0/_locales/et/messages.json,.
chrome_dev/Default/Extensions/ghbmnnjooekpmoecnnnilnnbdlolhkhi/1.106.1_0/_locales/eu/messages.json,.
chrome_dev/Default/Extensions/ghbmnnjooekpmoecnnnilnnbdlolhkhi/1.106.1_0/_locales/fa/messages.json,.
chrome_dev/Default/Extensions/ghbmnnjooekpmoecnnnilnnbdlolhkhi/1.106.1_0/_locales/fi/messages.json,.
chrome_dev/Default/Extensions/ghbmnnjooekpmoecnnnilnnbdlolhkhi/1.106.1_0/_locales/fil/messages.json,.
chrome_dev/Default/Extensions/ghbmnnjooekpmoecnnnilnnbdlolhkhi/1.106.1_0/_locales/fr/messages.json,.
chrome_dev/Default/Extensions/ghbmnnjooekpmoecnnnilnnbdlolhkhi/1.106.1_0/_locales/fr_CA/messages.json,.
chrome_dev/Default/Extensions/ghbmnnjooekpmoecnnnilnnbdlolhkhi/1.106.1_0/_locales/gl/messages.json,.
chrome_dev/Default/Extensions/ghbmnnjooekpmoecnnnilnnbdlolhkhi/1.106.1_0/_locales/gu/messages.json,.
chrome_dev/Default/Extensions/ghbmnnjooekpmoecnnnilnnbdlolhkhi/1.106.1_0/_locales/hi/messages.json,.
chrome_dev/Default/Extensions/ghbmnnjooekpmoecnnnilnnbdlolhkhi/1.106.1_0/_locales/hr/messages.json,.
chrome_dev/Default/Extensions/ghbmnnjooekpmoecnnnilnnbdlolhkhi/1.106.1_0/_locales/hu/messages.json,.
chrome_dev/Default/Extensions/ghbmnnjooekpmoecnnnilnnbdlolhkhi/1.106.1_0/_locales/hy/messages.json,.
chrome_dev/Default/Extensions/ghbmnnjooekpmoecnnnilnnbdlolhkhi/1.106.1_0/_locales/id/messages.json,.
chrome_dev/Default/Extensions/ghbmnnjooekpmoecnnnilnnbdlolhkhi/1.106.1_0/_locales/is/messages.json,.
chrome_dev/Default/Extensions/ghbmnnjooekpmoecnnnilnnbdlolhkhi/1.106.1_0/_locales/it/messages.json,.
chrome_dev/Default/Extensions/ghbmnnjooekpmoecnnnilnnbdlolhkhi/1.106.1_0/_locales/iw/messages.json,.
chrome_dev/Default/Extensions/ghbmnnjooekpmoecnnnilnnbdlolhkhi/1.106.1_0/_locales/ja/messages.json,.
chrome_dev/Default/Extensions/ghbmnnjooekpmoecnnnilnnbdlolhkhi/1.106.1_0/_locales/ka/messages.json,.
chrome_dev/Default/Extensions/ghbmnnjooekpmoecnnnilnnbdlolhkhi/1.106.1_0/_locales/kk/messages.json,.
chrome_dev/Default/Extensions/ghbmnnjooekpmoecnnnilnnbdlolhkhi/1.106.1_0/_locales/km/messages.json,.
chrome_dev/Default/Extensions/ghbmnnjooekpmoecnnnilnnbdlolhkhi/1.106.1_0/_locales/kn/messages.json,.
chrome_dev/Default/Extensions/ghbmnnjooekpmoecnnnilnnbdlolhkhi/1.106.1_0/_locales/ko/messages.json,.
chrome_dev/Default/Extensions/ghbmnnjooekpmoecnnnilnnbdlolhkhi/1.106.1_0/_locales/lo/messages.json,.
chrome_dev/Default/Extensions/ghbmnnjooekpmoecnnnilnnbdlolhkhi/1.106.1_0/_locales/lt/messages.json,.
chrome_dev/Default/Extensions/ghbmnnjooekpmoecnnnilnnbdlolhkhi/1.106.1_0/_locales/lv/messages.json,.
chrome_dev/Default/Extensions/ghbmnnjooekpmoecnnnilnnbdlolhkhi/1.106.1_0/_locales/mk/messages.json,.
chrome_dev/Default/Extensions/ghbmnnjooekpmoecnnnilnnbdlolhkhi/1.106.1_0/_locales/ml/messages.json,.
chrome_dev/Default/Extensions/ghbmnnjooekpmoecnnnilnnbdlolhkhi/1.106.1_0/_locales/mn/messages.json,.
chrome_dev/Default/Extensions/ghbmnnjooekpmoecnnnilnnbdlolhkhi/1.106.1_0/_locales/mr/messages.json,.
chrome_dev/Default/Extensions/ghbmnnjooekpmoecnnnilnnbdlolhkhi/1.106.1_0/_locales/ms/messages.json,.
chrome_dev/Default/Extensions/ghbmnnjooekpmoecnnnilnnbdlolhkhi/1.106.1_0/_locales/my/messages.json,.
chrome_dev/Default/Extensions/ghbmnnjooekpmoecnnnilnnbdlolhkhi/1.106.1_0/_locales/ne/messages.json,.
chrome_dev/Default/Extensions/ghbmnnjooekpmoecnnnilnnbdlolhkhi/1.106.1_0/_locales/nl/messages.json,.
chrome_dev/Default/Extensions/ghbmnnjooekpmoecnnnilnnbdlolhkhi/1.106.1_0/_locales/no/messages.json,.
chrome_dev/Default/Extensions/ghbmnnjooekpmoecnnnilnnbdlolhkhi/1.106.1_0/_locales/or/messages.json,.
chrome_dev/Default/Extensions/ghbmnnjooekpmoecnnnilnnbdlolhkhi/1.106.1_0/_locales/pa/messages.json,.
chrome_dev/Default/Extensions/ghbmnnjooekpmoecnnnilnnbdlolhkhi/1.106.1_0/_locales/pl/messages.json,.
chrome_dev/Default/Extensions/ghbmnnjooekpmoecnnnilnnbdlolhkhi/1.106.1_0/_locales/pt_BR/messages.json,.
chrome_dev/Default/Extensions/ghbmnnjooekpmoecnnnilnnbdlolhkhi/1.106.1_0/_locales/pt_PT/messages.json,.
chrome_dev/Default/Extensions/ghbmnnjooekpmoecnnnilnnbdlolhkhi/1.106.1_0/_locales/ro/messages.json,.
chrome_dev/Default/Extensions/ghbmnnjooekpmoecnnnilnnbdlolhkhi/1.106.1_0/_locales/ru/messages.json,.
chrome_dev/Default/Extensions/ghbmnnjooekpmoecnnnilnnbdlolhkhi/1.106.1_0/_locales/si/messages.json,.
chrome_dev/Default/Extensions/ghbmnnjooekpmoecnnnilnnbdlolhkhi/1.106.1_0/_locales/sk/messages.json,.
chrome_dev/Default/Extensions/ghbmnnjooekpmoecnnnilnnbdlolhkhi/1.106.1_0/_locales/sl/messages.json,.
chrome_dev/Default/Extensions/ghbmnnjooekpmoecnnnilnnbdlolhkhi/1.106.1_0/_locales/sq/messages.json,.
chrome_dev/Default/Extensions/ghbmnnjooekpmoecnnnilnnbdlolhkhi/1.106.1_0/_locales/sr/messages.json,.
chrome_dev/Default/Extensions/ghbmnnjooekpmoecnnnilnnbdlolhkhi/1.106.1_0/_locales/sv/messages.json,.
chrome_dev/Default/Extensions/ghbmnnjooekpmoecnnnilnnbdlolhkhi/1.106.1_0/_locales/sw/messages.json,.
chrome_dev/Default/Extensions/ghbmnnjooekpmoecnnnilnnbdlolhkhi/1.106.1_0/_locales/ta/messages.json,.
chrome_dev/Default/Extensions/ghbmnnjooekpmoecnnnilnnbdlolhkhi/1.106.1_0/_locales/te/messages.json,.
chrome_dev/Default/Extensions/ghbmnnjooekpmoecnnnilnnbdlolhkhi/1.106.1_0/_locales/th/messages.json,.
chrome_dev/Default/Extensions/ghbmnnjooekpmoecnnnilnnbdlolhkhi/1.106.1_0/_locales/tr/messages.json,.
chrome_dev/Default/Extensions/ghbmnnjooekpmoecnnnilnnbdlolhkhi/1.106.1_0/_locales/uk/messages.json,.
chrome_dev/Default/Extensions/ghbmnnjooekpmoecnnnilnnbdlolhkhi/1.106.1_0/_locales/ur/messages.json,.
chrome_dev/Default/Extensions/ghbmnnjooekpmoecnnnilnnbdlolhkhi/1.106.1_0/_locales/uz/messages.json,.
chrome_dev/Default/Extensions/ghbmnnjooekpmoecnnnilnnbdlolhkhi/1.106.1_0/_locales/vi/messages.json,.
chrome_dev/Default/Extensions/ghbmnnjooekpmoecnnnilnnbdlolhkhi/1.106.1_0/_locales/zh_CN/messages.json,.
chrome_dev/Default/Extensions/ghbmnnjooekpmoecnnnilnnbdlolhkhi/1.106.1_0/_locales/zh_HK/messages.json,.
chrome_dev/Default/Extensions/ghbmnnjooekpmoecnnnilnnbdlolhkhi/1.106.1_0/_locales/zh_TW/messages.json,.
chrome_dev/Default/Extensions/ghbmnnjooekpmoecnnnilnnbdlolhkhi/1.106.1_0/_locales/zu/messages.json,.
chrome_dev/Default/Extensions/ghbmnnjooekpmoecnnnilnnbdlolhkhi/1.106.1_0/_metadata/computed_hashes.json,.
chrome_dev/Default/Extensions/ghbmnnjooekpmoecnnnilnnbdlolhkhi/1.106.1_0/_metadata/verified_contents.json,.
chrome_dev/Default/Extensions/ghbmnnjooekpmoecnnnilnnbdlolhkhi/1.106.1_0/dasherSettingSchema.json,.
chrome_dev/Default/Extensions/ghbmnnjooekpmoecnnnilnnbdlolhkhi/1.106.1_0/manifest.json,.
chrome_dev/Default/Extensions/ghbmnnjooekpmoecnnnilnnbdlolhkhi/1.106.1_0/offscreendocument.html,.
chrome_dev/Default/Extensions/ghbmnnjooekpmoecnnnilnnbdlolhkhi/1.106.1_0/offscreendocument_main.js,.
chrome_dev/Default/Extensions/ghbmnnjooekpmoecnnnilnnbdlolhkhi/1.106.1_0/page_embed_script.js,.
chrome_dev/Default/Extensions/ghbmnnjooekpmoecnnnilnnbdlolhkhi/1.106.1_0/service_worker_bin_prod.js,.
chrome_dev/Default/Extensions/lmjegmlicamnimmfhcmpkclmigmmcbeh/3.10_0/_locales/af/messages.json,.
chrome_dev/Default/Extensions/lmjegmlicamnimmfhcmpkclmigmmcbeh/3.10_0/_locales/am/messages.json,.
chrome_dev/Default/Extensions/lmjegmlicamnimmfhcmpkclmigmmcbeh/3.10_0/_locales/ar/messages.json,.
chrome_dev/Default/Extensions/lmjegmlicamnimmfhcmpkclmigmmcbeh/3.10_0/_locales/az/messages.json,.
chrome_dev/Default/Extensions/lmjegmlicamnimmfhcmpkclmigmmcbeh/3.10_0/_locales/be/messages.json,.
chrome_dev/Default/Extensions/lmjegmlicamnimmfhcmpkclmigmmcbeh/3.10_0/_locales/bg/messages.json,.
chrome_dev/Default/Extensions/lmjegmlicamnimmfhcmpkclmigmmcbeh/3.10_0/_locales/bn/messages.json,.
chrome_dev/Default/Extensions/lmjegmlicamnimmfhcmpkclmigmmcbeh/3.10_0/_locales/ca/messages.json,.
chrome_dev/Default/Extensions/lmjegmlicamnimmfhcmpkclmigmmcbeh/3.10_0/_locales/cs/messages.json,.
chrome_dev/Default/Extensions/lmjegmlicamnimmfhcmpkclmigmmcbeh/3.10_0/_locales/cy/messages.json,.
chrome_dev/Default/Extensions/lmjegmlicamnimmfhcmpkclmigmmcbeh/3.10_0/_locales/da/messages.json,.
chrome_dev/Default/Extensions/lmjegmlicamnimmfhcmpkclmigmmcbeh/3.10_0/_locales/de/messages.json,.
chrome_dev/Default/Extensions/lmjegmlicamnimmfhcmpkclmigmmcbeh/3.10_0/_locales/el/messages.json,.
chrome_dev/Default/Extensions/lmjegmlicamnimmfhcmpkclmigmmcbeh/3.10_0/_locales/en/messages.json,.
chrome_dev/Default/Extensions/lmjegmlicamnimmfhcmpkclmigmmcbeh/3.10_0/_locales/en_CA/messages.json,.
chrome_dev/Default/Extensions/lmjegmlicamnimmfhcmpkclmigmmcbeh/3.10_0/_locales/en_GB/messages.json,.
chrome_dev/Default/Extensions/lmjegmlicamnimmfhcmpkclmigmmcbeh/3.10_0/_locales/en_US/messages.json,.
chrome_dev/Default/Extensions/lmjegmlicamnimmfhcmpkclmigmmcbeh/3.10_0/_locales/es/messages.json,.
chrome_dev/Default/Extensions/lmjegmlicamnimmfhcmpkclmigmmcbeh/3.10_0/_locales/es_419/messages.json,.
chrome_dev/Default/Extensions/lmjegmlicamnimmfhcmpkclmigmmcbeh/3.10_0/_locales/et/messages.json,.
chrome_dev/Default/Extensions/lmjegmlicamnimmfhcmpkclmigmmcbeh/3.10_0/_locales/eu/messages.json,.
chrome_dev/Default/Extensions/lmjegmlicamnimmfhcmpkclmigmmcbeh/3.10_0/_locales/fa/messages.json,.
chrome_dev/Default/Extensions/lmjegmlicamnimmfhcmpkclmigmmcbeh/3.10_0/_locales/fi/messages.json,.
chrome_dev/Default/Extensions/lmjegmlicamnimmfhcmpkclmigmmcbeh/3.10_0/_locales/fil/messages.json,.
chrome_dev/Default/Extensions/lmjegmlicamnimmfhcmpkclmigmmcbeh/3.10_0/_locales/fr/messages.json,.
chrome_dev/Default/Extensions/lmjegmlicamnimmfhcmpkclmigmmcbeh/3.10_0/_locales/fr_CA/messages.json,.
chrome_dev/Default/Extensions/lmjegmlicamnimmfhcmpkclmigmmcbeh/3.10_0/_locales/gl/messages.json,.
chrome_dev/Default/Extensions/lmjegmlicamnimmfhcmpkclmigmmcbeh/3.10_0/_locales/gu/messages.json,.
chrome_dev/Default/Extensions/lmjegmlicamnimmfhcmpkclmigmmcbeh/3.10_0/_locales/hi/messages.json,.
chrome_dev/Default/Extensions/lmjegmlicamnimmfhcmpkclmigmmcbeh/3.10_0/_locales/hr/messages.json,.
chrome_dev/Default/Extensions/lmjegmlicamnimmfhcmpkclmigmmcbeh/3.10_0/_locales/hu/messages.json,.
chrome_dev/Default/Extensions/lmjegmlicamnimmfhcmpkclmigmmcbeh/3.10_0/_locales/hy/messages.json,.
chrome_dev/Default/Extensions/lmjegmlicamnimmfhcmpkclmigmmcbeh/3.10_0/_locales/id/messages.json,.
chrome_dev/Default/Extensions/lmjegmlicamnimmfhcmpkclmigmmcbeh/3.10_0/_locales/is/messages.json,.
chrome_dev/Default/Extensions/lmjegmlicamnimmfhcmpkclmigmmcbeh/3.10_0/_locales/it/messages.json,.
chrome_dev/Default/Extensions/lmjegmlicamnimmfhcmpkclmigmmcbeh/3.10_0/_locales/iw/messages.json,.
chrome_dev/Default/Extensions/lmjegmlicamnimmfhcmpkclmigmmcbeh/3.10_0/_locales/ja/messages.json,.
chrome_dev/Default/Extensions/lmjegmlicamnimmfhcmpkclmigmmcbeh/3.10_0/_locales/ka/messages.json,.
chrome_dev/Default/Extensions/lmjegmlicamnimmfhcmpkclmigmmcbeh/3.10_0/_locales/kk/messages.json,.
chrome_dev/Default/Extensions/lmjegmlicamnimmfhcmpkclmigmmcbeh/3.10_0/_locales/km/messages.json,.
chrome_dev/Default/Extensions/lmjegmlicamnimmfhcmpkclmigmmcbeh/3.10_0/_locales/kn/messages.json,.
chrome_dev/Default/Extensions/lmjegmlicamnimmfhcmpkclmigmmcbeh/3.10_0/_locales/ko/messages.json,.
chrome_dev/Default/Extensions/lmjegmlicamnimmfhcmpkclmigmmcbeh/3.10_0/_locales/lo/messages.json,.
chrome_dev/Default/Extensions/lmjegmlicamnimmfhcmpkclmigmmcbeh/3.10_0/_locales/lt/messages.json,.
chrome_dev/Default/Extensions/lmjegmlicamnimmfhcmpkclmigmmcbeh/3.10_0/_locales/lv/messages.json,.
chrome_dev/Default/Extensions/lmjegmlicamnimmfhcmpkclmigmmcbeh/3.10_0/_locales/ml/messages.json,.
chrome_dev/Default/Extensions/lmjegmlicamnimmfhcmpkclmigmmcbeh/3.10_0/_locales/mn/messages.json,.
chrome_dev/Default/Extensions/lmjegmlicamnimmfhcmpkclmigmmcbeh/3.10_0/_locales/mr/messages.json,.
chrome_dev/Default/Extensions/lmjegmlicamnimmfhcmpkclmigmmcbeh/3.10_0/_locales/ms/messages.json,.
chrome_dev/Default/Extensions/lmjegmlicamnimmfhcmpkclmigmmcbeh/3.10_0/_locales/my/messages.json,.
chrome_dev/Default/Extensions/lmjegmlicamnimmfhcmpkclmigmmcbeh/3.10_0/_locales/ne/messages.json,.
chrome_dev/Default/Extensions/lmjegmlicamnimmfhcmpkclmigmmcbeh/3.10_0/_locales/nl/messages.json,.
chrome_dev/Default/Extensions/lmjegmlicamnimmfhcmpkclmigmmcbeh/3.10_0/_locales/no/messages.json,.
chrome_dev/Default/Extensions/lmjegmlicamnimmfhcmpkclmigmmcbeh/3.10_0/_locales/pa/messages.json,.
chrome_dev/Default/Extensions/lmjegmlicamnimmfhcmpkclmigmmcbeh/3.10_0/_locales/pl/messages.json,.
chrome_dev/Default/Extensions/lmjegmlicamnimmfhcmpkclmigmmcbeh/3.10_0/_locales/pt_BR/messages.json,.
chrome_dev/Default/Extensions/lmjegmlicamnimmfhcmpkclmigmmcbeh/3.10_0/_locales/pt_PT/messages.json,.
chrome_dev/Default/Extensions/lmjegmlicamnimmfhcmpkclmigmmcbeh/3.10_0/_locales/ro/messages.json,.
chrome_dev/Default/Extensions/lmjegmlicamnimmfhcmpkclmigmmcbeh/3.10_0/_locales/ru/messages.json,.
chrome_dev/Default/Extensions/lmjegmlicamnimmfhcmpkclmigmmcbeh/3.10_0/_locales/si/messages.json,.
chrome_dev/Default/Extensions/lmjegmlicamnimmfhcmpkclmigmmcbeh/3.10_0/_locales/sk/messages.json,.
chrome_dev/Default/Extensions/lmjegmlicamnimmfhcmpkclmigmmcbeh/3.10_0/_locales/sl/messages.json,.
chrome_dev/Default/Extensions/lmjegmlicamnimmfhcmpkclmigmmcbeh/3.10_0/_locales/sr/messages.json,.
chrome_dev/Default/Extensions/lmjegmlicamnimmfhcmpkclmigmmcbeh/3.10_0/_locales/sv/messages.json,.
chrome_dev/Default/Extensions/lmjegmlicamnimmfhcmpkclmigmmcbeh/3.10_0/_locales/sw/messages.json,.
chrome_dev/Default/Extensions/lmjegmlicamnimmfhcmpkclmigmmcbeh/3.10_0/_locales/ta/messages.json,.
chrome_dev/Default/Extensions/lmjegmlicamnimmfhcmpkclmigmmcbeh/3.10_0/_locales/te/messages.json,.
chrome_dev/Default/Extensions/lmjegmlicamnimmfhcmpkclmigmmcbeh/3.10_0/_locales/th/messages.json,.
chrome_dev/Default/Extensions/lmjegmlicamnimmfhcmpkclmigmmcbeh/3.10_0/_locales/tr/messages.json,.
chrome_dev/Default/Extensions/lmjegmlicamnimmfhcmpkclmigmmcbeh/3.10_0/_locales/uk/messages.json,.
chrome_dev/Default/Extensions/lmjegmlicamnimmfhcmpkclmigmmcbeh/3.10_0/_locales/ur/messages.json,.
chrome_dev/Default/Extensions/lmjegmlicamnimmfhcmpkclmigmmcbeh/3.10_0/_locales/vi/messages.json,.
chrome_dev/Default/Extensions/lmjegmlicamnimmfhcmpkclmigmmcbeh/3.10_0/_locales/zh_CN/messages.json,.
chrome_dev/Default/Extensions/lmjegmlicamnimmfhcmpkclmigmmcbeh/3.10_0/_locales/zh_HK/messages.json,.
chrome_dev/Default/Extensions/lmjegmlicamnimmfhcmpkclmigmmcbeh/3.10_0/_locales/zh_TW/messages.json,.
chrome_dev/Default/Extensions/lmjegmlicamnimmfhcmpkclmigmmcbeh/3.10_0/_locales/zu/messages.json,.
chrome_dev/Default/Extensions/lmjegmlicamnimmfhcmpkclmigmmcbeh/3.10_0/_metadata/verified_contents.json,.
chrome_dev/Default/Extensions/lmjegmlicamnimmfhcmpkclmigmmcbeh/3.10_0/background_compiled.js,.
chrome_dev/Default/Extensions/lmjegmlicamnimmfhcmpkclmigmmcbeh/3.10_0/manifest.json,.
chrome_dev/Default/Extensions/lmjegmlicamnimmfhcmpkclmigmmcbeh/3.10_0/offscreen.html,.
chrome_dev/Default/Extensions/lmjegmlicamnimmfhcmpkclmigmmcbeh/3.10_0/offscreen_compiled.js,.
chrome_dev/Default/Extensions/nmmhkkegccagdldgiimedpiccmgmieda/1.0.0.6_0/_locales/bg/messages.json,.
chrome_dev/Default/Extensions/nmmhkkegccagdldgiimedpiccmgmieda/1.0.0.6_0/_locales/ca/messages.json,.
chrome_dev/Default/Extensions/nmmhkkegccagdldgiimedpiccmgmieda/1.0.0.6_0/_locales/cs/messages.json,.
chrome_dev/Default/Extensions/nmmhkkegccagdldgiimedpiccmgmieda/1.0.0.6_0/_locales/da/messages.json,.
chrome_dev/Default/Extensions/nmmhkkegccagdldgiimedpiccmgmieda/1.0.0.6_0/_locales/de/messages.json,.
chrome_dev/Default/Extensions/nmmhkkegccagdldgiimedpiccmgmieda/1.0.0.6_0/_locales/el/messages.json,.
chrome_dev/Default/Extensions/nmmhkkegccagdldgiimedpiccmgmieda/1.0.0.6_0/_locales/en/messages.json,.
chrome_dev/Default/Extensions/nmmhkkegccagdldgiimedpiccmgmieda/1.0.0.6_0/_locales/en_GB/messages.json,.
chrome_dev/Default/Extensions/nmmhkkegccagdldgiimedpiccmgmieda/1.0.0.6_0/_locales/es/messages.json,.
chrome_dev/Default/Extensions/nmmhkkegccagdldgiimedpiccmgmieda/1.0.0.6_0/_locales/es_419/messages.json,.
chrome_dev/Default/Extensions/nmmhkkegccagdldgiimedpiccmgmieda/1.0.0.6_0/_locales/et/messages.json,.
chrome_dev/Default/Extensions/nmmhkkegccagdldgiimedpiccmgmieda/1.0.0.6_0/_locales/fi/messages.json,.
chrome_dev/Default/Extensions/nmmhkkegccagdldgiimedpiccmgmieda/1.0.0.6_0/_locales/fil/messages.json,.
chrome_dev/Default/Extensions/nmmhkkegccagdldgiimedpiccmgmieda/1.0.0.6_0/_locales/fr/messages.json,.
chrome_dev/Default/Extensions/nmmhkkegccagdldgiimedpiccmgmieda/1.0.0.6_0/_locales/hi/messages.json,.
chrome_dev/Default/Extensions/nmmhkkegccagdldgiimedpiccmgmieda/1.0.0.6_0/_locales/hr/messages.json,.
chrome_dev/Default/Extensions/nmmhkkegccagdldgiimedpiccmgmieda/1.0.0.6_0/_locales/hu/messages.json,.
chrome_dev/Default/Extensions/nmmhkkegccagdldgiimedpiccmgmieda/1.0.0.6_0/_locales/id/messages.json,.
chrome_dev/Default/Extensions/nmmhkkegccagdldgiimedpiccmgmieda/1.0.0.6_0/_locales/it/messages.json,.
chrome_dev/Default/Extensions/nmmhkkegccagdldgiimedpiccmgmieda/1.0.0.6_0/_locales/ja/messages.json,.
chrome_dev/Default/Extensions/nmmhkkegccagdldgiimedpiccmgmieda/1.0.0.6_0/_locales/ko/messages.json,.
chrome_dev/Default/Extensions/nmmhkkegccagdldgiimedpiccmgmieda/1.0.0.6_0/_locales/lt/messages.json,.
chrome_dev/Default/Extensions/nmmhkkegccagdldgiimedpiccmgmieda/1.0.0.6_0/_locales/lv/messages.json,.
chrome_dev/Default/Extensions/nmmhkkegccagdldgiimedpiccmgmieda/1.0.0.6_0/_locales/nb/messages.json,.
chrome_dev/Default/Extensions/nmmhkkegccagdldgiimedpiccmgmieda/1.0.0.6_0/_locales/nl/messages.json,.
chrome_dev/Default/Extensions/nmmhkkegccagdldgiimedpiccmgmieda/1.0.0.6_0/_locales/pl/messages.json,.
chrome_dev/Default/Extensions/nmmhkkegccagdldgiimedpiccmgmieda/1.0.0.6_0/_locales/pt_BR/messages.json,.
chrome_dev/Default/Extensions/nmmhkkegccagdldgiimedpiccmgmieda/1.0.0.6_0/_locales/pt_PT/messages.json,.
chrome_dev/Default/Extensions/nmmhkkegccagdldgiimedpiccmgmieda/1.0.0.6_0/_locales/ro/messages.json,.
chrome_dev/Default/Extensions/nmmhkkegccagdldgiimedpiccmgmieda/1.0.0.6_0/_locales/ru/messages.json,.
chrome_dev/Default/Extensions/nmmhkkegccagdldgiimedpiccmgmieda/1.0.0.6_0/_locales/sk/messages.json,.
chrome_dev/Default/Extensions/nmmhkkegccagdldgiimedpiccmgmieda/1.0.0.6_0/_locales/sl/messages.json,.
chrome_dev/Default/Extensions/nmmhkkegccagdldgiimedpiccmgmieda/1.0.0.6_0/_locales/sr/messages.json,.
chrome_dev/Default/Extensions/nmmhkkegccagdldgiimedpiccmgmieda/1.0.0.6_0/_locales/sv/messages.json,.
chrome_dev/Default/Extensions/nmmhkkegccagdldgiimedpiccmgmieda/1.0.0.6_0/_locales/th/messages.json,.
chrome_dev/Default/Extensions/nmmhkkegccagdldgiimedpiccmgmieda/1.0.0.6_0/_locales/tr/messages.json,.
chrome_dev/Default/Extensions/nmmhkkegccagdldgiimedpiccmgmieda/1.0.0.6_0/_locales/uk/messages.json,.
chrome_dev/Default/Extensions/nmmhkkegccagdldgiimedpiccmgmieda/1.0.0.6_0/_locales/vi/messages.json,.
chrome_dev/Default/Extensions/nmmhkkegccagdldgiimedpiccmgmieda/1.0.0.6_0/_locales/zh_CN/messages.json,.
chrome_dev/Default/Extensions/nmmhkkegccagdldgiimedpiccmgmieda/1.0.0.6_0/_locales/zh_TW/messages.json,.
chrome_dev/Default/Extensions/nmmhkkegccagdldgiimedpiccmgmieda/1.0.0.6_0/_metadata/computed_hashes.json,.
chrome_dev/Default/Extensions/nmmhkkegccagdldgiimedpiccmgmieda/1.0.0.6_0/_metadata/verified_contents.json,.
chrome_dev/Default/Extensions/nmmhkkegccagdldgiimedpiccmgmieda/1.0.0.6_0/craw_background.js,.
chrome_dev/Default/Extensions/nmmhkkegccagdldgiimedpiccmgmieda/1.0.0.6_0/craw_window.js,.
chrome_dev/Default/Extensions/nmmhkkegccagdldgiimedpiccmgmieda/1.0.0.6_0/css/craw_window.css,.
chrome_dev/Default/Extensions/nmmhkkegccagdldgiimedpiccmgmieda/1.0.0.6_0/html/craw_window.html,.
chrome_dev/Default/Extensions/nmmhkkegccagdldgiimedpiccmgmieda/1.0.0.6_0/manifest.json,.
chrome_dev/FileTypePolicies/145.0.7584.0/_metadata/verified_contents.json,.
chrome_dev/FileTypePolicies/145.0.7584.0/manifest.json,.
chrome_dev/MEIPreload/1.1.0.3/_metadata/verified_contents.json,.
chrome_dev/MEIPreload/1.1.0.3/manifest.json,.
chrome_dev/OptimizationHints/676/_metadata/verified_contents.json,.
chrome_dev/OptimizationHints/676/manifest.json,.
chrome_dev/PKIMetadata/1674/_metadata/verified_contents.json,.
chrome_dev/PKIMetadata/1674/manifest.json,.
chrome_dev/SSLErrorAssistant/7/_metadata/verified_contents.json,.
chrome_dev/SSLErrorAssistant/7/manifest.json,.
chrome_dev/SafetyTips/3091/_metadata/verified_contents.json,.
chrome_dev/SafetyTips/3091/manifest.json,.
chrome_dev/Subresource Filter/Unindexed Rules/9.68.0/_metadata/verified_contents.json,.
chrome_dev/Subresource Filter/Unindexed Rules/9.68.0/manifest.json,.
chrome_dev/TrustTokenKeyCommitments/2026.3.23.1/_metadata/verified_contents.json,.
chrome_dev/TrustTokenKeyCommitments/2026.3.23.1/keys.json,.
chrome_dev/TrustTokenKeyCommitments/2026.3.23.1/manifest.json,.
chrome_dev/ZxcvbnData/3/_metadata/verified_contents.json,.
chrome_dev/ZxcvbnData/3/manifest.json,.
chrome_dev/component_crx_cache/metadata.json,.
chrome_dev/extensions_crx_cache/metadata.json,.
database/schema.sql,.
frontend/about.html,.
frontend/admin-search.html,.
frontend/assets/css/seo-page.css,.
frontend/assets/css/style.css,.
frontend/assets/data/kcd_codes.json,.
frontend/assets/data/nonbenefit_code_map.json,.
frontend/assets/data/nonbenefit_region_prices.json,.
frontend/assets/js/fee_schedule_items.js,.
frontend/assets/js/hira_codes.js,.
frontend/assets/js/medical_statistics.js,.
frontend/assets/js/nonbenefit_data.js,.
frontend/assets/js/script.js,.
frontend/contact.html,.
frontend/ct-cost-calculator.html,.
frontend/data-sources.html,.
frontend/endoscopy-cost-calculator.html,.
frontend/er-cost-calculator.html,.
frontend/google846c818f5952f2aa.html,.
frontend/hospital-cost-calculator.html,.
frontend/hospitalization-cost-calculator.html,.
frontend/index.html,.
frontend/mri-cost-calculator.html,.
frontend/naver9833def883434392c485818bfb777010.html,.
frontend/noncovered-medical-cost.html,.
frontend/privacy.html,.
frontend/sitemap.xml,.
functions/api/admin/delete-log.ts,.
functions/api/admin/search-stats.ts,.
functions/api/calculation-log.ts,.
functions/api/search-click.ts,.
functions/api/search-log.ts,.
functions/api/top-searches.ts,.
scripts/build_fee_schedule_subset.py,.
scripts/build_kcd_codes.js,.
supabase/migrations/001_create_medical_items_table.sql,.
supabase/migrations/002_seed_medical_items.sql,.
wrangler.toml,.
